,longitude,latitude,Val_Struct,Val_Cont,Val_Other,Val_Vehic,Commercial,Industrial,Public,Residential
0,-117.59999996666667,33.35833333333333,156566416.60000032,85339845.47999978,0.0,1129834.2352779997,,,1.0,744.0
1,-117.59999996666667,33.40000000000001,29536836.20000001,14769013.9,0.0,0.0,,,,21.0
2,-117.55833330000002,33.35833333333333,251410885.40000004,127831790.39999999,0.0,3692644.1999999974,4.0,1.0,1.0,117.0
3,-117.55833330000002,33.40000000000001,40361914.8,35650204.6,0.0,27568720.0,5.0,2.0,12.0,18.0
4,-117.51666663333334,33.31666666666667,1807000.0,1807000.0,0.0,985620.4,1.0,,1.0,
5,-117.51666663333334,33.35833333333333,619041502.0,313801600.0,0.0,8034330.699999998,8.0,,,120.0
6,-117.51666663333334,33.40000000000001,2124000.0,2124000.0,0.0,2756872.0,2.0,,,
7,-117.47499996666667,33.23333333333333,25069705.0,12534870.0,0.0,0.0,,,,5.0
8,-117.47499996666667,33.27500000000001,229829195.0,114915086.0,0.0,0.0,,,,47.0
9,-117.47499996666667,33.31666666666667,1013000.0,1071000.0,0.0,2464051.0,4.0,1.0,,
10,-117.47499996666667,33.35833333333333,10163787.0,10163787.0,0.0,10301462.4,5.0,,3.0,
11,-117.47499996666667,33.44166666666667,4842000.0,5114000.0,0.0,5684787.32,1.0,,2.0,3.0
12,-117.47499996666667,33.48333333333333,51000.0,26000.0,0.0,85521.66,,,,1.0
13,-117.43333330000002,33.19166666666667,275502102.49999976,143878746.45999992,0.0,12519355.592999969,10.0,2.0,,200.0
14,-117.43333330000002,33.23333333333333,520357475.09999883,266700040.41000038,0.0,7965110.607106015,,1.0,6.0,982.0
15,-117.43333330000002,33.27500000000001,15837978.0,8120022.0,0.0,3125311.3999999994,,,1.0,3.0
16,-117.43333330000002,33.31666666666667,310854018.0,156419997.0,0.0,6268089.0,,1.0,2.0,63.0
17,-117.43333330000002,33.35833333333333,2732000.0,3046000.0,0.0,4566872.8,5.0,1.0,1.0,
18,-117.39166663333334,33.15000000000001,1653671947.2100163,1027206992.339997,0.0,192891563.8165955,403.0,92.0,46.0,4246.0
19,-117.39166663333334,33.19166666666667,2691184858.9999137,1722965104.4199781,0.0,298718641.5191407,481.0,108.0,106.0,6254.0
20,-117.39166663333334,33.23333333333333,90405442.00000004,52641827.8500001,0.0,19386812.720000107,7.0,1.0,3.0,368.0
21,-117.39166663333334,33.27500000000001,275755180.0,141746418.0,0.0,15438434.600000013,5.0,1.0,6.0,53.0
22,-117.39166663333334,33.31666666666667,61743912.0,30872088.0,0.0,4157685.599999999,,,,12.0
23,-117.39166663333334,33.35833333333333,3127000.0,3127000.0,0.0,1957231.2000000002,,,3.0,
24,-117.34999996666667,33.06666666666667,420470240.4899958,243097909.5200009,0.0,42273119.95599977,68.0,13.0,6.0,1500.0
25,-117.34999996666667,33.10833333333333,1291000673.210009,850787435.6600035,0.0,137977966.4337839,205.0,59.0,21.0,2886.0
26,-117.34999996666667,33.15000000000001,3806490058.599989,2411334443.4899955,0.0,407304711.35645556,656.0,144.0,85.0,8962.0
27,-117.34999996666667,33.19166666666667,2453402663.7299848,1510144839.5599768,0.0,281690829.2849318,341.0,100.0,64.0,7699.0
28,-117.34999996666667,33.23333333333333,1206891415.26998,657255485.9600128,0.0,161139461.65014476,125.0,16.0,18.0,4730.0
29,-117.34999996666667,33.27500000000001,323268603.3999998,162007330.6999999,0.0,18666108.19999999,2.0,1.0,,116.0
30,-117.34999996666667,33.31666666666667,95113034.09999974,55493789.01000011,0.0,5314431.531082999,,,1.0,419.0
31,-117.34999996666667,33.35833333333333,8551400.0,4361555.4,0.0,304222.52,,,1.0,11.0
32,-117.34999996666667,33.40000000000001,336635398.79999995,329177448.20000017,0.0,50698878.81,105.0,1.0,2.0,68.0
33,-117.34999996666667,33.44166666666667,480706298.2000004,471088099.0699997,0.0,63901505.40000003,146.0,,,75.0
34,-117.30833330000002,32.77500000000001,221284756.900001,139600260.19999954,0.0,19061058.770000096,76.0,11.0,12.0,442.0
35,-117.30833330000002,32.81666666666667,2376143700.9999733,1649486732.6999938,0.0,228087481.47339165,573.0,96.0,85.0,3828.0
36,-117.30833330000002,32.94166666666667,316390251.19999963,193927042.7999998,0.0,29703044.792000007,43.0,15.0,8.0,526.0
37,-117.30833330000002,32.98333333333333,1275285857.2000034,783014605.8000215,0.0,131855429.40000017,250.0,52.0,19.0,2803.0
38,-117.30833330000002,33.02500000000001,3497737540.220023,2280885674.290064,0.0,335104892.5043971,753.0,157.0,106.0,8211.0
39,-117.30833330000002,33.06666666666667,2565323338.440044,1453800234.5900264,0.0,212612190.61630103,327.0,80.0,33.0,6517.0
40,-117.30833330000002,33.10833333333333,2099838500.849983,1720488107.9099696,0.0,157905537.08840293,268.0,118.0,37.0,3294.0
41,-117.30833330000002,33.15000000000001,2388425779.769975,1503697953.5799742,0.0,252617940.68887883,345.0,60.0,36.0,7688.0
42,-117.30833330000002,33.19166666666667,3386742503.3199716,1992217037.7399611,0.0,348001521.4508776,398.0,128.0,64.0,10144.0
43,-117.30833330000002,33.23333333333333,2271550393.200026,1257428847.6100082,0.0,200699505.9535376,194.0,54.0,33.0,7029.0
44,-117.30833330000002,33.27500000000001,397939518.4000018,201412643.19999948,0.0,22810135.25100007,5.0,1.0,1.0,969.0
45,-117.30833330000002,33.31666666666667,75549792.50000006,37785718.520000085,0.0,642940.7999999997,,,,342.0
46,-117.30833330000002,33.35833333333333,1232999.9,616999.98,0.0,0.0,,,,7.0
47,-117.30833330000002,33.40000000000001,31215875.29999999,17331156.199999996,0.0,2951738.247999999,11.0,2.0,1.0,127.0
48,-117.30833330000002,33.44166666666667,17892100.3,11450299.950000007,0.0,1762226.3800000004,9.0,,,61.0
49,-117.26666663333334,32.65000000000001,122156043.1,65030156.0,0.0,4397171.140000001,2.0,,7.0,28.0
50,-117.26666663333334,32.69166666666667,2430130472.1999984,1569934633.8999813,0.0,196823511.91466603,423.0,79.0,67.0,4968.0
51,-117.26666663333334,32.73333333333333,3658943195.5999074,2067826029.719941,0.0,447096438.56022125,694.0,117.0,72.0,9508.0
52,-117.26666663333334,32.77500000000001,5250919586.539974,3006396261.849977,0.0,641044044.4117763,1122.0,156.0,109.0,11357.0
53,-117.26666663333334,32.81666666666667,3321309569.2000637,1922200584.5699751,0.0,314500192.9199934,401.0,80.0,62.0,7363.0
54,-117.26666663333334,32.85833333333333,3401016430.100107,2833836036.089916,0.0,220332276.09624764,305.0,43.0,58.0,2684.0
55,-117.26666663333334,32.90000000000001,1932094769.9000192,1451863996.599983,0.0,127362640.32143389,201.0,59.0,19.0,2791.0
56,-117.26666663333334,32.94166666666667,3905697923.4998913,2403062430.0599437,0.0,331859834.8907505,518.0,99.0,58.0,7786.0
57,-117.26666663333334,32.98333333333333,1770872765.5000072,1107042340.609984,0.0,164854446.91287798,255.0,50.0,29.0,3986.0
58,-117.26666663333334,33.02500000000001,3221247247.5799856,1989259567.499956,0.0,291650984.8345975,516.0,93.0,66.0,7893.0
59,-117.26666663333334,33.06666666666667,3385846132.799955,1882989599.9999762,0.0,270855918.0853511,328.0,74.0,31.0,8470.0
60,-117.26666663333334,33.10833333333333,2178185437.0000243,1720826452.1600325,0.0,149893682.70545638,198.0,170.0,24.0,3917.0
61,-117.26666663333334,33.15000000000001,2989466947.9299746,1735203590.0200334,0.0,308254127.09029794,351.0,103.0,56.0,8156.0
62,-117.26666663333334,33.19166666666667,3494154397.5299773,2223535416.309988,0.0,420858787.3303804,609.0,151.0,113.0,10436.0
63,-117.26666663333334,33.23333333333333,798827499.4999897,461034047.6699994,0.0,75816782.53460185,126.0,31.0,13.0,2264.0
64,-117.26666663333334,33.27500000000001,367893614.2000012,203820194.08000088,0.0,25719139.532000024,44.0,11.0,4.0,981.0
65,-117.26666663333334,33.31666666666667,574028746.0999987,346063625.4999942,0.0,43108601.72568414,70.0,35.0,13.0,1591.0
66,-117.26666663333334,33.35833333333333,1955362599.3999784,1276578179.5500145,0.0,222064388.68393818,416.0,92.0,70.0,5117.0
67,-117.26666663333334,33.40000000000001,55942081.20000011,32605705.760000087,0.0,7494501.509999985,17.0,6.0,2.0,216.0
68,-117.26666663333334,33.44166666666667,6977000.0,4235500.0,0.0,583621.6089999997,6.0,1.0,,26.0
69,-117.22499996666667,32.65000000000001,857606081.9000016,442483609.5000023,0.0,23741220.27000004,42.0,9.0,4.0,637.0
70,-117.22499996666667,32.69166666666667,1147539646.2999988,653539890.5000014,0.0,95565015.45075189,95.0,6.0,17.0,1402.0
71,-117.22499996666667,32.73333333333333,4413493444.399994,3216975068.1399493,0.0,410315091.0946138,910.0,227.0,165.0,5067.0
72,-117.22499996666667,32.77500000000001,3237461990.400133,1915864500.0200262,0.0,355273761.56473655,519.0,116.0,71.0,8746.0
73,-117.22499996666667,32.81666666666667,4212613800.399882,2444220110.8198795,0.0,441992282.82949626,494.0,96.0,90.0,12700.0
74,-117.22499996666667,32.85833333333333,4691007154.200026,3557479592.8200464,0.0,399059910.37537587,496.0,159.0,52.0,3555.0
75,-117.22499996666667,32.90000000000001,1723641470.69999,1232362824.9999895,0.0,87460171.16229197,159.0,64.0,21.0,2446.0
76,-117.22499996666667,32.94166666666667,2208360907.199997,1205769850.8899693,0.0,124815277.22981896,116.0,14.0,14.0,5380.0
77,-117.22499996666667,32.98333333333333,777168524.5000142,475256088.30001235,0.0,65605658.69195128,110.0,12.0,28.0,1847.0
78,-117.22499996666667,33.02500000000001,537321352.9999954,292872662.4999985,0.0,43132711.05200013,44.0,6.0,2.0,1404.0
79,-117.22499996666667,33.06666666666667,1396360365.0000134,788738702.8799969,0.0,25096086.45457717,62.0,25.0,7.0,3427.0
80,-117.22499996666667,33.10833333333333,2551269710.5599513,1997359124.1099732,0.0,296302442.25482553,458.0,188.0,80.0,6569.0
81,-117.22499996666667,33.15000000000001,2303871866.8400283,1557137933.0399578,0.0,242557068.91230023,363.0,128.0,48.0,5850.0
82,-117.22499996666667,33.19166666666667,1107843249.9000006,637853549.8999956,0.0,115143398.90486722,160.0,52.0,32.0,3173.0
83,-117.22499996666667,33.23333333333333,232487295.79999956,127883774.7999999,0.0,19655799.548000038,55.0,15.0,,720.0
84,-117.22499996666667,33.27500000000001,560744789.7199972,394029733.1400082,0.0,42549027.77715978,60.0,20.0,54.0,1162.0
85,-117.22499996666667,33.31666666666667,541526821.2000033,310010257.20999956,0.0,43294370.367999345,89.0,35.0,5.0,1633.0
86,-117.22499996666667,33.35833333333333,577725803.0300071,332962177.8600055,0.0,46957938.29572396,74.0,25.0,14.0,1747.0
87,-117.22499996666667,33.40000000000001,63039895.24000015,39041586.99,0.0,6944000.710000015,21.0,2.0,2.0,256.0
88,-117.18333330000002,32.60833333333333,145134016.90000015,97403838.99999997,0.0,7028391.000994011,6.0,1.0,24.0,211.0
89,-117.18333330000002,32.65000000000001,1291121413.4000087,782656105.4000107,0.0,133377223.44782871,224.0,33.0,41.0,1848.0
90,-117.18333330000002,32.69166666666667,9616737538.399931,6808975407.220015,0.0,787815425.1782473,1981.0,304.0,372.0,5300.0
91,-117.18333330000002,32.73333333333333,7523011434.799871,5219322410.920054,0.0,893832348.5124576,1623.0,186.0,193.0,10612.0
92,-117.18333330000002,32.77500000000001,4462983404.940118,2973383045.619962,0.0,456348699.0787984,525.0,103.0,131.0,10987.0
93,-117.18333330000002,32.81666666666667,2619866327.4399304,2108855069.3699539,0.0,309216318.15562594,569.0,135.0,100.0,3822.0
94,-117.18333330000002,32.85833333333333,1416050007.2999887,1517011652.6999807,0.0,149069534.87000147,291.0,152.0,27.0,364.0
95,-117.18333330000002,32.90000000000001,3556027456.2999725,2101199963.7999241,0.0,340729729.49320966,361.0,88.0,45.0,8850.0
96,-117.18333330000002,32.94166666666667,1598499130.4999886,854883769.5299895,0.0,63813844.11186826,68.0,6.0,13.0,3836.0
97,-117.18333330000002,32.98333333333333,757963720.8000022,389931976.8000023,0.0,13301614.269004961,16.0,3.0,1.0,1912.0
98,-117.18333330000002,33.02500000000001,262723128.69999975,134263067.6999992,0.0,8763958.422999978,9.0,3.0,,713.0
99,-117.18333330000002,33.06666666666667,189216450.79999906,101974472.99999905,0.0,7786825.20999998,18.0,4.0,6.0,493.0
100,-117.18333330000002,33.10833333333333,2060060545.6999948,1417141130.6699667,0.0,160864959.39239624,266.0,90.0,50.0,4690.0
101,-117.18333330000002,33.15000000000001,1187425474.3999896,691757767.3700006,0.0,93290602.8006157,132.0,29.0,22.0,3387.0
102,-117.18333330000002,33.19166666666667,90110540.70000023,54252574.94999989,0.0,23439334.69199992,30.0,9.0,2.0,342.0
103,-117.18333330000002,33.23333333333333,210559592.36000007,111486603.63999973,0.0,10499392.061999997,35.0,10.0,,707.0
104,-117.18333330000002,33.27500000000001,127389920.09000018,77840459.90000007,0.0,11484786.595149027,31.0,4.0,2.0,468.0
105,-117.18333330000002,33.31666666666667,370595469.6500035,200715757.05000296,0.0,34686801.55200023,43.0,11.0,,1366.0
106,-117.18333330000002,33.35833333333333,139605028.2,80643300.13000003,0.0,19836858.988999914,24.0,13.0,3.0,522.0
107,-117.18333330000002,33.40000000000001,132158843.39999972,88105815.58999981,0.0,14521833.68097903,44.0,12.0,7.0,452.0
108,-117.14166663333334,32.52500000000001,11613084.4,7665876.430000006,0.0,3576715.8000000035,4.0,,3.0,42.0
109,-117.14166663333334,32.56666666666667,2141510247.1900444,1223214020.5400157,0.0,268446062.6457968,380.0,67.0,54.0,6281.0
110,-117.14166663333334,32.60833333333333,537741129.7400084,324279839.87999725,0.0,51651689.79049936,46.0,19.0,12.0,1150.0
111,-117.14166663333334,32.65000000000001,3642586976.29999,2330382838.7099605,0.0,238257047.21602973,611.0,197.0,102.0,3745.0
112,-117.14166663333334,32.69166666666667,4397919708.000048,2741232085.609943,0.0,548151384.0482782,939.0,205.0,263.0,14903.0
113,-117.14166663333334,32.73333333333333,7852226076.299737,4594166181.799846,0.0,1009089901.6378789,1685.0,178.0,231.0,19681.0
114,-117.14166663333334,32.77500000000001,3821546634.869933,2543434114.21002,0.0,374503094.83345646,454.0,111.0,91.0,6980.0
115,-117.14166663333334,32.81666666666667,1896905490.6899788,1626237855.220043,0.0,163209773.46842396,379.0,100.0,105.0,2615.0
116,-117.14166663333334,32.85833333333333,1258934523.3999853,941364185.4900019,0.0,70181497.34548974,162.0,50.0,36.0,925.0
117,-117.14166663333334,32.90000000000001,4381483184.420161,2560568574.4000163,0.0,427931626.1353683,429.0,75.0,57.0,10796.0
118,-117.14166663333334,32.94166666666667,3603096265.4999495,1986226037.3199344,0.0,303738932.00163144,319.0,52.0,54.0,8637.0
119,-117.14166663333334,32.98333333333333,1530910334.4999723,933733390.6999912,0.0,23396401.93029425,56.0,32.0,21.0,3358.0
120,-117.14166663333334,33.02500000000001,426114039.5000002,236365833.4999994,0.0,17853072.617426936,21.0,4.0,2.0,964.0
121,-117.14166663333334,33.06666666666667,775927808.5699993,451928125.6100004,0.0,96596375.59099942,118.0,27.0,14.0,2691.0
122,-117.14166663333334,33.10833333333333,2381512123.459981,1797868485.0899425,0.0,296562832.155127,492.0,207.0,59.0,5298.0
123,-117.14166663333334,33.15000000000001,1200400246.7900383,649806294.6400205,0.0,144392390.92797387,129.0,40.0,13.0,4782.0
124,-117.14166663333334,33.19166666666667,377013630.3699968,209849702.00999895,0.0,31464404.557999756,62.0,24.0,4.0,1230.0
125,-117.14166663333334,33.23333333333333,177641046.08000013,96087648.34000033,0.0,19653002.13699988,41.0,9.0,1.0,605.0
126,-117.14166663333334,33.27500000000001,84351572.59999986,46386605.60000012,0.0,7119024.221000006,21.0,6.0,1.0,261.0
127,-117.14166663333334,33.31666666666667,27163093.599999983,14495396.299999997,0.0,5489373.502000008,11.0,,,95.0
128,-117.14166663333334,33.35833333333333,73475601.30000004,39176757.45000003,0.0,9245289.080000004,8.0,5.0,1.0,181.0
129,-117.14166663333334,33.40000000000001,34554737.999999925,19910577.509999994,0.0,3062489.912000002,8.0,3.0,1.0,126.0
130,-117.09999996666667,32.52500000000001,681600316.9599977,379269133.0699977,0.0,93606777.63744965,75.0,22.0,13.0,2313.0
131,-117.09999996666667,32.56666666666667,3559241022.400056,2405237093.4799604,0.0,511905264.5669323,644.0,161.0,92.0,10563.0
132,-117.09999996666667,32.60833333333333,5547493158.219915,3860878831.559953,0.0,704216708.0693982,909.0,228.0,144.0,12806.0
133,-117.09999996666667,32.65000000000001,4109519727.4298544,2635950912.0300603,0.0,503641453.4755224,714.0,126.0,145.0,12635.0
134,-117.09999996666667,32.69166666666667,3440798650.379945,2054790270.7499554,0.0,427554239.8218557,485.0,92.0,138.0,12570.0
135,-117.09999996666667,32.73333333333333,5923815152.299899,3454688692.6699896,0.0,695925075.4167932,809.0,108.0,176.0,14870.0
136,-117.09999996666667,32.77500000000001,3192839230.599912,1935633676.1799004,0.0,332869697.56553376,451.0,97.0,69.0,8294.0
137,-117.09999996666667,32.81666666666667,1321247377.0000186,719794289.6000056,0.0,135485291.55559838,97.0,21.0,22.0,3584.0
138,-117.09999996666667,32.85833333333333,63624574.500000164,31862824.100000072,0.0,5423524.140000001,1.0,,,158.0
139,-117.09999996666667,32.90000000000001,3297260815.3000546,1798745262.5000112,0.0,262062870.22532684,210.0,60.0,32.0,7937.0
140,-117.09999996666667,32.94166666666667,3178347831.1500177,1875654133.6099162,0.0,307146107.32947993,339.0,78.0,43.0,6826.0
141,-117.09999996666667,32.98333333333333,3586340883.7000246,2525540877.999907,0.0,359789537.11525935,406.0,127.0,64.0,7592.0
142,-117.09999996666667,33.02500000000001,2061019603.0000215,1154247571.0899923,0.0,212023691.60413137,254.0,41.0,18.0,5131.0
143,-117.09999996666667,33.06666666666667,2273885179.0000353,1482233926.1200063,0.0,215402831.20700467,357.0,82.0,61.0,5574.0
144,-117.09999996666667,33.10833333333333,4958990116.869941,3351938623.739963,0.0,569622365.0207239,1080.0,199.0,162.0,10549.0
145,-117.09999996666667,33.15000000000001,1210739560.1300066,681947007.3399982,0.0,110166399.12461682,125.0,31.0,29.0,3963.0
146,-117.09999996666667,33.19166666666667,152558407.20000026,91872048.30999982,0.0,17191214.982000016,33.0,7.0,6.0,420.0
147,-117.09999996666667,33.23333333333333,216699092.09999895,121147554.6499994,0.0,18901608.600044105,33.0,13.0,8.0,705.0
148,-117.09999996666667,33.27500000000001,74272951.19999997,40646977.69999998,0.0,6669035.344999998,22.0,3.0,1.0,262.0
149,-117.09999996666667,33.31666666666667,46950869.100000024,26351182.51000005,0.0,3636992.0159999947,11.0,1.0,,161.0
150,-117.09999996666667,33.35833333333333,91225584.50000009,53559150.85,0.0,10344100.902230192,11.0,2.0,7.0,335.0
151,-117.09999996666667,33.40000000000001,20543145.700000014,10826149.179999998,0.0,1097156.7269999995,4.0,1.0,,79.0
152,-117.05833330000002,32.52500000000001,1360474254.6800075,880765298.3500067,0.0,160202665.185953,204.0,31.0,39.0,3147.0
153,-117.05833330000002,32.56666666666667,3024795836.770008,1706349449.5299642,0.0,276684298.7578392,292.0,65.0,52.0,9968.0
154,-117.05833330000002,32.60833333333333,3818075322.699941,2234172153.7399015,0.0,335722938.0890368,405.0,85.0,63.0,11233.0
155,-117.05833330000002,32.65000000000001,3038262751.199946,1731187638.7899172,0.0,328720939.2093146,359.0,70.0,57.0,9098.0
156,-117.05833330000002,32.69166666666667,4083711928.799694,2245842967.0798917,0.0,425962497.19998825,411.0,86.0,94.0,14784.0
157,-117.05833330000002,32.73333333333333,5173611922.319841,3291113199.4001904,0.0,573123960.8053643,1074.0,235.0,163.0,13229.0
158,-117.05833330000002,32.77500000000001,3689143047.9000173,2072609609.6199577,0.0,417738373.42069393,391.0,97.0,72.0,10091.0
159,-117.05833330000002,32.81666666666667,560348020.3499917,307471065.3099989,0.0,74821649.57729854,71.0,24.0,10.0,2239.0
160,-117.05833330000002,32.85833333333333,1433000.0,1237000.0,0.0,210912.0,1.0,,,1.0
161,-117.05833330000002,32.90000000000001,648880734.5999955,618344312.1000103,0.0,46056340.04199994,81.0,72.0,5.0,645.0
162,-117.05833330000002,32.94166666666667,2738587209.099942,1757335711.9599693,0.0,283246378.06846225,378.0,124.0,51.0,6835.0
163,-117.05833330000002,32.98333333333333,1739572463.100019,1022912884.5399976,0.0,137781942.47335708,178.0,36.0,22.0,4168.0
164,-117.05833330000002,33.02500000000001,833935646.6000118,445509379.61000144,0.0,90358056.38000172,58.0,14.0,6.0,2910.0
165,-117.05833330000002,33.06666666666667,818140766.9000041,507897800.39999634,0.0,61770966.58860295,115.0,41.0,13.0,1908.0
166,-117.05833330000002,33.10833333333333,2232537288.439988,1306243559.9200027,0.0,269781411.23491174,225.0,68.0,42.0,7206.0
167,-117.05833330000002,33.15000000000001,238022862.8,126521547.39999962,0.0,14409185.805000074,22.0,6.0,4.0,835.0
168,-117.05833330000002,33.19166666666667,323014161.500001,206657606.30999926,0.0,24321194.360000122,40.0,15.0,13.0,922.0
169,-117.05833330000002,33.23333333333333,249353651.40000084,146764930.28999877,0.0,22003560.03671061,39.0,9.0,10.0,821.0
170,-117.05833330000002,33.27500000000001,164545389.3000001,101038414.60000011,0.0,12862470.127246846,25.0,8.0,4.0,548.0
171,-117.05833330000002,33.31666666666667,2850000.0,1862000.0,0.0,201906.80000000002,2.0,1.0,,2.0
172,-117.05833330000002,33.35833333333333,5034999.9,3584999.9799999995,0.0,402263.0289999999,5.0,,2.0,21.0
173,-117.05833330000002,33.40000000000001,3751854.8000000003,1876851.3400000003,0.0,32341.301000000003,,,,16.0
174,-117.01666663333334,32.52500000000001,70760768.9,72174187.7,0.0,6946243.419999998,34.0,2.0,1.0,12.0
175,-117.01666663333334,32.56666666666667,403375228.59999686,245124866.50000128,0.0,13245153.786399888,66.0,14.0,2.0,1023.0
176,-117.01666663333334,32.60833333333333,3952059342.109912,2277788317.9800186,0.0,198626815.47444642,251.0,49.0,69.0,10622.0
177,-117.01666663333334,32.65000000000001,1427093101.5999985,772519853.8700103,0.0,115895518.14967777,116.0,23.0,16.0,4244.0
178,-117.01666663333334,32.69166666666667,2468005001.160124,1382167990.5999775,0.0,276154680.90371805,297.0,79.0,54.0,8312.0
179,-117.01666663333334,32.73333333333333,3181696227.950017,1862498253.549905,0.0,353844211.90053844,551.0,139.0,85.0,9216.0
180,-117.01666663333334,32.77500000000001,4058453664.5000224,2715421518.4598994,0.0,412007623.15057456,681.0,151.0,84.0,9653.0
181,-117.01666663333334,32.81666666666667,2774707201.829968,1868978911.8998504,0.0,315936203.58352077,410.0,162.0,56.0,7352.0
182,-117.01666663333334,32.85833333333333,656485471.700012,342598255.50001025,0.0,59777004.7953565,52.0,21.0,3.0,2146.0
183,-117.01666663333334,32.90000000000001,38055783.70000002,19658390.499999978,0.0,408560.80799999996,3.0,2.0,,89.0
184,-117.01666663333334,32.94166666666667,297140993.70000094,156432175.40000066,0.0,24932654.233965706,15.0,8.0,1.0,816.0
185,-117.01666663333334,32.98333333333333,124037711.10000023,64622810.800000004,0.0,9181799.78,1.0,5.0,1.0,309.0
186,-117.01666663333334,33.02500000000001,84999144.50000013,49018491.52000009,0.0,5357977.681999999,22.0,3.0,,192.0
187,-117.01666663333334,33.06666666666667,27062961.799999993,16390395.399999993,0.0,2164155.4939999986,12.0,2.0,1.0,74.0
188,-117.01666663333334,33.10833333333333,200628905.20000026,110524334.92999938,0.0,15619727.87127098,19.0,3.0,4.0,692.0
189,-117.01666663333334,33.15000000000001,86117613.89999978,46574821.31999996,0.0,4291611.712999994,4.0,2.0,,286.0
190,-117.01666663333334,33.19166666666667,153456441.50000012,97381550.59999998,0.0,14117648.214414962,24.0,8.0,2.0,413.0
191,-117.01666663333334,33.23333333333333,279193631.39999765,172976421.95999983,0.0,23088751.479999952,59.0,22.0,8.0,864.0
192,-117.01666663333334,33.27500000000001,156143365.7,85125502.4099996,0.0,12131432.31374897,12.0,7.0,2.0,539.0
193,-117.01666663333334,33.31666666666667,53419766.49999994,29356062.659999967,0.0,8106958.022999995,16.0,3.0,3.0,288.0
194,-116.97499996666667,32.52500000000001,568123396.1,669714095.9,0.0,57551247.07000003,98.0,76.0,7.0,11.0
195,-116.97499996666667,32.56666666666667,165725696.5,150370927.5,0.0,8805193.791469999,33.0,17.0,1.0,33.0
196,-116.97499996666667,32.60833333333333,2888102607.5000005,1599569209.4099758,0.0,99253696.00274104,134.0,32.0,20.0,8463.0
197,-116.97499996666667,32.65000000000001,1433730595.1999948,826635730.5999887,0.0,51921987.0378336,90.0,25.0,10.0,3826.0
198,-116.97499996666667,32.69166666666667,476041787.49000204,311782116.37000006,0.0,52458263.7843997,69.0,27.0,14.0,1655.0
199,-116.97499996666667,32.73333333333333,2243115351.500027,1268177951.8899925,0.0,217902659.0738532,271.0,64.0,59.0,5493.0
200,-116.97499996666667,32.77500000000001,5547983887.099881,3625722207.9500785,0.0,732336465.7337103,1022.0,235.0,169.0,11541.0
201,-116.97499996666667,32.81666666666667,2567917900.220043,1732487061.879942,0.0,329536827.60387224,441.0,197.0,63.0,7071.0
202,-116.97499996666667,32.85833333333333,1243561163.4100242,694125414.3200135,0.0,121673209.1392106,115.0,43.0,26.0,3969.0
203,-116.97499996666667,32.90000000000001,30442432.300000004,26761914.5,0.0,8786019.780000005,25.0,19.0,,40.0
204,-116.97499996666667,32.94166666666667,39660892.59999997,23152211.599999994,0.0,2522314.5800000024,13.0,1.0,1.0,86.0
205,-116.97499996666667,32.98333333333333,230244104.7999982,128043134.08999892,0.0,15742101.834000109,5.0,6.0,5.0,555.0
206,-116.97499996666667,33.02500000000001,90920029.0999999,53347804.40999988,0.0,5550057.100331019,10.0,6.0,2.0,197.0
207,-116.97499996666667,33.06666666666667,25334189.700000007,14020321.300000004,0.0,1513382.1634879003,1.0,1.0,1.0,48.0
208,-116.97499996666667,33.10833333333333,1300000.0,857000.0,0.0,372924.0,1.0,1.0,,3.0
209,-116.97499996666667,33.15000000000001,24961350.899999995,14342675.610000007,0.0,2619865.115999999,10.0,3.0,1.0,96.0
210,-116.97499996666667,33.19166666666667,186707415.69999915,107489936.7300001,0.0,19392673.287000023,22.0,9.0,6.0,807.0
211,-116.97499996666667,33.23333333333333,99626592.29999985,59923327.49999989,0.0,10566482.589999974,19.0,3.0,2.0,320.0
212,-116.97499996666667,33.27500000000001,67003743.60000013,41499140.57999997,0.0,9190571.971653232,21.0,,6.0,255.0
213,-116.97499996666667,33.31666666666667,5613914.200000001,4686957.159999999,0.0,755534.5900000002,6.0,1.0,3.0,13.0
214,-116.97499996666667,33.35833333333333,159500.0,79750.0,0.0,0.0,,,,1.0
215,-116.97499996666667,33.40000000000001,159500.0,79750.0,0.0,0.0,,,,1.0
216,-116.93333330000002,32.52500000000001,86391900.0,93638900.0,0.0,5392450.519999999,23.0,6.0,5.0,
217,-116.93333330000002,32.56666666666667,112142396.3,59030703.8,0.0,3014333.1580000008,,,4.0,32.0
218,-116.93333330000002,32.60833333333333,33981644.1,45327601.9,0.0,3466057.2145,2.0,8.0,,18.0
219,-116.93333330000002,32.65000000000001,26177902.199999996,36917956.60000001,0.0,2851036.129999999,,8.0,,6.0
220,-116.93333330000002,32.69166666666667,200745538.8999994,128782721.59999976,0.0,15475849.014839992,29.0,9.0,6.0,370.0
221,-116.93333330000002,32.73333333333333,1672449207.4400215,947780260.4600192,0.0,144221669.91231087,161.0,31.0,29.0,4113.0
222,-116.93333330000002,32.77500000000001,2365133946.2000046,1452448089.0700023,0.0,250046966.64690682,322.0,77.0,74.0,6580.0
223,-116.93333330000002,32.81666666666667,2066763974.4100204,1165454226.4799836,0.0,295437799.5115771,285.0,85.0,43.0,8163.0
224,-116.93333330000002,32.85833333333333,774224259.1699969,474566283.239999,0.0,94900385.16667429,118.0,45.0,21.0,1911.0
225,-116.93333330000002,32.90000000000001,26107941.200000014,15189725.700000003,0.0,2221591.1599999988,1.0,5.0,,67.0
226,-116.93333330000002,32.94166666666667,56815625.90000016,29815970.29999994,0.0,3852081.5799999894,2.0,4.0,1.0,171.0
227,-116.93333330000002,32.98333333333333,239768367.89999864,133140953.71999937,0.0,17034519.938999973,39.0,9.0,4.0,665.0
228,-116.93333330000002,33.02500000000001,121312265.30000043,77365991.99,0.0,12271314.609999996,32.0,9.0,3.0,294.0
229,-116.93333330000002,33.06666666666667,36831821.49999996,22315384.270000003,0.0,3111488.869999995,10.0,7.0,3.0,98.0
230,-116.93333330000002,33.15000000000001,1158750.0,1045000.0,0.0,3728114.0,2.0,1.0,1.0,1.0
231,-116.93333330000002,33.19166666666667,17357101.999999993,9033276.310000002,0.0,1452533.1430000004,,1.0,1.0,105.0
232,-116.93333330000002,33.23333333333333,1752333.3,1303666.6600000001,0.0,401739.9600000001,1.0,,,7.0
233,-116.93333330000002,33.27500000000001,17157192.400000013,9815396.219999999,0.0,2362084.6719999993,5.0,,1.0,107.0
234,-116.93333330000002,33.31666666666667,17321475.0,16781750.0,0.0,1524234.47,12.0,2.0,6.0,8.0
235,-116.93333330000002,33.35833333333333,193000.0,167500.0,0.0,74819.82,,1.0,,1.0
236,-116.93333330000002,33.40000000000001,457000.0,272500.0,0.0,0.0,,1.0,,3.0
237,-116.89166663333334,32.60833333333333,5673611.1,6338527.7,0.0,420918.4,,1.0,,9.0
238,-116.89166663333334,32.65000000000001,917000.0,917000.0,0.0,979761.6,,1.0,1.0,
239,-116.89166663333334,32.69166666666667,355711363.1999996,216349350.2000013,0.0,30273824.056091156,49.0,23.0,15.0,986.0
240,-116.89166663333334,32.73333333333333,128428039.80000053,71296301.66999999,0.0,12534772.793000061,29.0,12.0,2.0,321.0
241,-116.89166663333334,32.77500000000001,394675157.80000204,228057517.12000158,0.0,32051045.31056873,65.0,21.0,15.0,1159.0
242,-116.89166663333334,32.81666666666667,546607603.5299952,319679215.81999964,0.0,82321253.85235827,88.0,40.0,20.0,2671.0
243,-116.89166663333334,32.85833333333333,122933244.63000007,69198948.58000013,0.0,13670320.503000002,40.0,9.0,1.0,453.0
244,-116.89166663333334,32.90000000000001,77466767.7,42744818.40000001,0.0,5965902.265741705,11.0,3.0,4.0,239.0
245,-116.89166663333334,32.94166666666667,15486688.59999999,8243094.600000002,0.0,685178.0370000005,1.0,,,49.0
246,-116.89166663333334,32.98333333333333,223457667.99999994,127364064.55999894,0.0,19412235.29274304,34.0,14.0,3.0,713.0
247,-116.89166663333334,33.02500000000001,1263811674.9100056,832957326.5799958,0.0,137592168.4205887,349.0,107.0,50.0,3047.0
248,-116.89166663333334,33.06666666666667,82944879.70000014,50472319.40000002,0.0,8447424.460000006,27.0,13.0,3.0,290.0
249,-116.89166663333334,33.10833333333333,210000.0,106000.0,0.0,39955.0,,,,2.0
250,-116.89166663333334,33.15000000000001,159000.0,80000.0,0.0,52610.0,,,,1.0
251,-116.89166663333334,33.23333333333333,899194.8,449597.41000000003,0.0,155939.1,,,,7.0
252,-116.89166663333334,33.27500000000001,32825156.00000002,18486523.489999995,0.0,5657787.440000015,4.0,,2.0,199.0
253,-116.89166663333334,33.31666666666667,12758991.200000001,6444019.84,0.0,2608680.1099999994,,1.0,,89.0
254,-116.89166663333334,33.35833333333333,159500.0,79833.34,0.0,0.0,,,,1.0
255,-116.84999996666667,32.56666666666667,296000.0,148000.0,0.0,0.0,,,,1.0
256,-116.84999996666667,32.60833333333333,1304428.6,1008714.2,0.0,435997.0,2.0,,,2.0
257,-116.84999996666667,32.65000000000001,23052228.700000018,13027511.859999992,0.0,2836516.6899999985,3.0,,1.0,82.0
258,-116.84999996666667,32.69166666666667,90347865.90000023,48334963.10000006,0.0,8755975.599999977,10.0,6.0,2.0,305.0
259,-116.84999996666667,32.73333333333333,42888966.39999998,29454880.799999986,0.0,4155393.9699999974,12.0,4.0,2.0,90.0
260,-116.84999996666667,32.77500000000001,189119659.50000066,117455407.68000041,0.0,14936202.043999903,39.0,11.0,13.0,541.0
261,-116.84999996666667,32.81666666666667,330953664.1399997,222135133.17999932,0.0,50556875.648422785,88.0,21.0,12.0,966.0
262,-116.84999996666667,32.85833333333333,258288330.30000082,155658048.01999968,0.0,27390025.48012408,41.0,23.0,4.0,1005.0
263,-116.84999996666667,32.90000000000001,5261939.7,2896362.1,0.0,1194592.2313,1.0,1.0,1.0,16.0
264,-116.84999996666667,32.94166666666667,10031589.099999998,5772470.300000002,0.0,515190.1284999999,3.0,1.0,1.0,31.0
265,-116.84999996666667,32.98333333333333,552374897.2999967,296383759.8100002,0.0,41518237.405572146,53.0,21.0,6.0,1696.0
266,-116.84999996666667,33.02500000000001,224182170.4000008,123285117.20999879,0.0,20309204.93000009,36.0,18.0,3.0,714.0
267,-116.84999996666667,33.06666666666667,69546902.40000002,40139849.05,0.0,9112727.294999989,20.0,6.0,3.0,295.0
268,-116.84999996666667,33.10833333333333,586000.0,378000.0,0.0,371113.0,1.0,,,4.0
269,-116.84999996666667,33.15000000000001,261000.0,131500.0,0.0,251734.5,,,,3.0
270,-116.84999996666667,33.23333333333333,319000.0,160000.0,0.0,39955.0,,,,2.0
271,-116.84999996666667,33.27500000000001,7058351.100000005,4004333.300000005,0.0,1279908.4600000002,,,1.0,39.0
272,-116.84999996666667,33.35833333333333,319000.0,159666.68,0.0,0.0,,,,2.0
273,-116.84999996666667,33.40000000000001,6165999.8,3240666.659999999,0.0,699172.4299999999,1.0,1.0,,42.0
274,-116.80833330000002,32.56666666666667,295683.3,147850.0,0.0,33899.12,,,,1.0
275,-116.80833330000002,32.60833333333333,12634900.399999995,7080568.799999997,0.0,1450251.5699999998,2.0,,2.0,50.0
276,-116.80833330000002,32.65000000000001,12233793.2,6961145.0,0.0,1550659.2200000007,,,2.0,39.0
277,-116.80833330000002,32.69166666666667,63889620.90000011,36069483.46999995,0.0,7529045.830000003,17.0,3.0,,218.0
278,-116.80833330000002,32.73333333333333,42990462.50000002,23541408.88999995,0.0,3935186.39000001,9.0,4.0,1.0,168.0
279,-116.80833330000002,32.77500000000001,176600192.00000077,94069025.50000024,0.0,12892253.219000107,16.0,10.0,1.0,442.0
280,-116.80833330000002,32.81666666666667,710214336.1999822,424206947.4500013,0.0,76113324.22827911,89.0,30.0,18.0,2038.0
281,-116.80833330000002,32.85833333333333,7711966.499999999,4831491.100000001,0.0,1486117.6360000002,2.0,5.0,,23.0
282,-116.80833330000002,32.94166666666667,24225015.799999975,13178623.99999999,0.0,1605534.7720000006,5.0,3.0,1.0,75.0
283,-116.80833330000002,32.98333333333333,576192024.299995,315845686.19999856,0.0,36629806.05368169,53.0,16.0,9.0,1679.0
284,-116.80833330000002,33.02500000000001,75721610.8000003,40298158.79999999,0.0,10683975.859999968,11.0,5.0,,217.0
285,-116.80833330000002,33.06666666666667,42688546.50000012,26633114.729999986,0.0,5156721.5500000045,14.0,4.0,,154.0
286,-116.80833330000002,33.10833333333333,4278814.3,2228557.13,0.0,1106801.6639999999,1.0,,,31.0
287,-116.80833330000002,33.15000000000001,3759066.6,1995300.0499999996,0.0,615615.3890000001,1.0,,,29.0
288,-116.80833330000002,33.19166666666667,1675499.9,840833.32,0.0,488743.50000000006,,,,18.0
289,-116.80833330000002,33.23333333333333,1489472.2,1171740.74,0.0,100502.01,,,1.0,4.0
290,-116.80833330000002,33.27500000000001,2232332.9999999995,1116222.2,0.0,431948.24000000005,,,,14.0
291,-116.80833330000002,33.31666666666667,318666.6,159333.32,0.0,26305.0,,,,2.0
292,-116.80833330000002,33.35833333333333,10408610.400000004,7199888.839999997,0.0,1259837.2000000014,4.0,2.0,,52.0
293,-116.80833330000002,33.40000000000001,8179000.0,9115000.05,0.0,572956.0200000001,5.0,2.0,2.0,11.0
294,-116.76666663333334,32.56666666666667,3843882.899999999,1922050.0,0.0,440688.56,,,,13.0
295,-116.76666663333334,32.60833333333333,40599215.60000004,24969380.10000002,0.0,3562560.3859999995,8.0,1.0,,113.0
296,-116.76666663333334,32.65000000000001,41102460.80000001,21160723.979999986,0.0,3497758.309999994,3.0,1.0,,149.0
297,-116.76666663333334,32.69166666666667,32885704.300000012,17713694.33999997,0.0,3147681.6699999934,8.0,2.0,,142.0
298,-116.76666663333334,32.73333333333333,45542112.70000002,25281282.80000002,0.0,3493028.139999999,7.0,3.0,,165.0
299,-116.76666663333334,32.77500000000001,67903873.69999999,37461812.21000011,0.0,6492213.603000024,10.0,8.0,5.0,233.0
300,-116.76666663333334,32.81666666666667,518835510.74999464,293212847.99999815,0.0,52542233.50500037,81.0,19.0,14.0,1734.0
301,-116.76666663333334,32.85833333333333,6139333.700000001,3759166.3000000003,0.0,2784150.000000001,4.0,3.0,,17.0
302,-116.76666663333334,32.94166666666667,475000.0,475000.0,0.0,39955.0,1.0,,,
303,-116.76666663333334,32.98333333333333,62391107.29999983,33268470.09999996,0.0,6888222.874000015,17.0,1.0,,197.0
304,-116.76666663333334,33.02500000000001,19865328.899999995,11972040.7,0.0,1592021.148,5.0,3.0,,48.0
305,-116.76666663333334,33.06666666666667,12357167.299999999,6275166.320000003,0.0,1568659.6179999986,1.0,,,38.0
306,-116.76666663333334,33.10833333333333,159000.0,80000.0,0.0,26305.0,,,,1.0
307,-116.76666663333334,33.15000000000001,4118333.1999999993,2063666.6499999997,0.0,712895.9770000003,,,,34.0
308,-116.76666663333334,33.19166666666667,10143999.899999999,6148333.32,0.0,3070464.615999999,10.0,1.0,,67.0
309,-116.76666663333334,33.23333333333333,1195800.0,773600.0,0.0,611864.48,2.0,,,6.0
310,-116.76666663333334,33.31666666666667,21345806.00000001,10734973.899999987,0.0,1005710.996000001,1.0,,,134.0
311,-116.76666663333334,33.35833333333333,9545078.800000003,5018872.949999996,0.0,1661848.335000001,1.0,,,67.0
312,-116.76666663333334,33.40000000000001,848143.0,424071.44999999995,0.0,182788.62,,,,6.0
313,-116.72499996666667,32.56666666666667,3991095.6999999997,2130637.6,0.0,287768.09400000004,1.0,,,16.0
314,-116.72499996666667,32.60833333333333,27901128.60000001,17115588.760000013,0.0,2779650.1479999977,3.0,3.0,2.0,102.0
315,-116.72499996666667,32.65000000000001,32792647.699999943,16836098.899999987,0.0,2472605.000000004,4.0,,,122.0
316,-116.72499996666667,32.69166666666667,5455269.499999999,2887223.2500000005,0.0,1049627.68,1.0,,1.0,24.0
317,-116.72499996666667,32.73333333333333,35481082.800000004,18636917.569999974,0.0,2880660.3499999964,7.0,1.0,,140.0
318,-116.72499996666667,32.77500000000001,13540604.800000006,7607893.209999996,0.0,1432142.9200000006,5.0,1.0,,48.0
319,-116.72499996666667,32.81666666666667,176588372.30000025,130781352.60000007,0.0,25799280.60099997,71.0,6.0,1.0,315.0
320,-116.72499996666667,32.85833333333333,18011016.20000001,10823243.599999998,0.0,3278792.9739999995,6.0,1.0,3.0,50.0
321,-116.72499996666667,32.90000000000001,318800.0,159600.0,0.0,0.0,,,,2.0
322,-116.72499996666667,32.98333333333333,159000.0,80000.0,0.0,118870.0,,,,1.0
323,-116.72499996666667,33.02500000000001,915750.0,524000.0,0.0,158825.0,1.0,,,2.0
324,-116.72499996666667,33.06666666666667,7058083.4,5101666.439999999,0.0,530360.2940000001,8.0,,2.0,20.0
325,-116.72499996666667,33.10833333333333,739500.0,371833.33999999997,0.0,86953.20999999999,,,,6.0
326,-116.72499996666667,33.15000000000001,3118217.8999999994,1560775.3699999996,0.0,563066.3200000002,,,,25.0
327,-116.72499996666667,33.19166666666667,8182276.5,8062028.210000003,0.0,919618.2300000001,5.0,1.0,3.0,32.0
328,-116.72499996666667,33.27500000000001,4175680.0,4028680.0,0.0,154943.28333886,,,4.0,1.0
329,-116.72499996666667,33.31666666666667,27315194.19999999,13661776.69999999,0.0,4075687.0709999963,,,,203.0
330,-116.72499996666667,33.35833333333333,4071928.4999999995,2646452.449999999,0.0,4299452.870000001,1.0,,1.0,22.0
331,-116.72499996666667,33.40000000000001,204000.0,102080.0,0.0,37047.744,,,,4.0
332,-116.68333330000002,32.56666666666667,6751281.599999999,5651218.999999999,0.0,273768.99000000005,3.0,,2.0,12.0
333,-116.68333330000002,32.60833333333333,9371403.899999999,5246901.9599999925,0.0,1283845.853999997,2.0,,,58.0
334,-116.68333330000002,32.65000000000001,819000.0,499000.0,0.0,26304.999000000003,1.0,,,3.0
335,-116.68333330000002,32.69166666666667,2886000.0,1444000.0,0.0,26305.0,,,,2.0
336,-116.68333330000002,32.73333333333333,20794937.000000026,10501841.879999986,0.0,1760035.349999997,1.0,1.0,,97.0
337,-116.68333330000002,32.77500000000001,18245805.64,10542474.170000002,0.0,1693178.1100000017,4.0,2.0,,123.0
338,-116.68333330000002,32.81666666666667,26767990.200000014,14457871.800000008,0.0,1473734.78,1.0,1.0,1.0,86.0
339,-116.68333330000002,32.85833333333333,12587656.000000002,7387994.800000001,0.0,1213724.1300000001,3.0,2.0,1.0,38.0
340,-116.68333330000002,32.90000000000001,1501461.5,751769.23,0.0,28328.462,,,,6.0
341,-116.68333330000002,32.94166666666667,2179400.0,1356800.0,0.0,765515.0,,1.0,,12.0
342,-116.68333330000002,32.98333333333333,319000.0,160000.0,0.0,26305.0,,,,2.0
343,-116.68333330000002,33.02500000000001,2276500.4,1138749.8,0.0,262915.28900000005,,,,10.0
344,-116.68333330000002,33.06666666666667,46052838.599999994,26060922.990000013,0.0,5039657.326939987,12.0,1.0,1.0,196.0
345,-116.68333330000002,33.10833333333333,9447145.300000003,6015405.980000001,0.0,1789800.912000001,5.0,2.0,,46.0
346,-116.68333330000002,33.15000000000001,7823471.099999998,3917485.4899999984,0.0,975044.84,,,,62.0
347,-116.68333330000002,33.19166666666667,688923.0,345538.45999999996,0.0,100749.83,,,,5.0
348,-116.68333330000002,33.23333333333333,3162348.099999999,2420173.909999999,0.0,707111.9980000003,1.0,,1.0,10.0
349,-116.68333330000002,33.27500000000001,2014956.6,1009478.26,0.0,409196.00800000003,,,,14.0
350,-116.68333330000002,33.31666666666667,2289476.2,1145261.91,0.0,186800.12,,,,3.0
351,-116.68333330000002,33.35833333333333,14207096.099999983,7601712.539999992,0.0,1871829.919999999,4.0,,,104.0
352,-116.68333330000002,33.40000000000001,2052000.0,1568160.0,0.0,120405.168,1.0,1.0,1.0,10.0
353,-116.64166663333334,32.56666666666667,41090181.89999999,39553735.56999999,0.0,3920985.9490000014,23.0,6.0,6.0,75.0
354,-116.64166663333334,32.60833333333333,47211716.29999995,29590668.15000002,0.0,4453277.816143292,11.0,1.0,5.0,215.0
355,-116.64166663333334,32.65000000000001,1996714.4000000001,1260857.0,0.0,996668.02,1.0,,1.0,15.0
356,-116.64166663333334,32.77500000000001,4197000.1,2146928.28,0.0,801759.0989999999,,1.0,,32.0
357,-116.64166663333334,32.81666666666667,97722066.69999988,53318131.680000186,0.0,8492387.298000025,15.0,2.0,3.0,330.0
358,-116.64166663333334,32.85833333333333,88821917.69999987,48661387.89999992,0.0,6160140.735790988,11.0,5.0,3.0,284.0
359,-116.64166663333334,32.90000000000001,13109020.199999997,8517671.690000005,0.0,906150.0140000009,4.0,1.0,1.0,45.0
360,-116.64166663333334,32.94166666666667,638000.0,319000.0,0.0,147391.2,,,,4.0
361,-116.64166663333334,32.98333333333333,17365367.59999999,9092416.490000004,0.0,1530661.5320000001,4.0,1.0,,78.0
362,-116.64166663333334,33.02500000000001,84505553.49999997,44983812.309999906,0.0,9374318.265999995,8.0,1.0,3.0,322.0
363,-116.64166663333334,33.06666666666667,97872462.80000015,60800359.32000011,0.0,11208940.047000023,38.0,7.0,5.0,276.0
364,-116.64166663333334,33.10833333333333,1693000.0,1170666.67,0.0,455127.252,2.0,,,10.0
365,-116.64166663333334,33.15000000000001,312000.0,157666.66999999998,0.0,51842.0,,,,4.0
366,-116.64166663333334,33.19166666666667,1512000.0,855000.0,0.0,158057.0,1.0,,,11.0
367,-116.64166663333334,33.23333333333333,363500.0,183500.0,0.0,73513.054,,,,5.0
368,-116.64166663333334,33.27500000000001,10515695.599999998,5366526.35,0.0,1310768.7489999991,1.0,1.0,,80.0
369,-116.64166663333334,33.31666666666667,255000.0,127500.0,0.0,76992.2,,,,5.0
370,-116.64166663333334,33.35833333333333,370000.0,186000.0,0.0,66260.01,,,,3.0
371,-116.59999996666667,32.56666666666667,12811032.099999998,9351234.939999994,0.0,1768129.3699999999,7.0,1.0,2.0,41.0
372,-116.59999996666667,32.60833333333333,10405733.3,5982689.039999999,0.0,1838202.8199999984,2.0,1.0,1.0,64.0
373,-116.59999996666667,32.69166666666667,1344000.0,672000.0,0.0,0.0,,,,1.0
374,-116.59999996666667,32.73333333333333,887000.1000000001,445000.0,0.0,145175.0,,,,7.0
375,-116.59999996666667,32.77500000000001,227750.0,114000.0,0.0,13223.57,,,,1.0
376,-116.59999996666667,32.81666666666667,37430185.54,18804892.540000025,0.0,4728154.3140000235,1.0,,,216.0
377,-116.59999996666667,32.85833333333333,16320187.299999997,10830368.690000001,0.0,2553367.8200000008,6.0,5.0,2.0,47.0
378,-116.59999996666667,32.90000000000001,3367000.0,1786000.0,0.0,646909.0,1.0,,,2.0
379,-116.59999996666667,32.94166666666667,2996499.8,2438749.96,0.0,359672.8,2.0,,1.0,7.0
380,-116.59999996666667,32.98333333333333,47881490.00000001,26518055.160000082,0.0,7261958.2250000145,4.0,3.0,2.0,207.0
381,-116.59999996666667,33.02500000000001,70460767.60000016,35656979.02000005,0.0,9081359.648999982,6.0,,,339.0
382,-116.59999996666667,33.06666666666667,184879539.10000026,120933851.41000026,0.0,17246275.223128047,16.0,11.0,9.0,572.0
383,-116.59999996666667,33.10833333333333,921000.0,906000.0,0.0,229536.0,,1.0,,3.0
384,-116.59999996666667,33.15000000000001,1588500.0,795500.0699999998,0.0,165684.88,,,,12.0
385,-116.59999996666667,33.19166666666667,2335667.0,1168666.7499999998,0.0,674033.76,,,,17.0
386,-116.59999996666667,33.23333333333333,2452499.8999999994,1285642.8199999996,0.0,319786.81000000006,1.0,,,17.0
387,-116.59999996666667,33.27500000000001,1052500.0,526785.7000000001,0.0,188591.40000000002,,,,10.0
388,-116.59999996666667,33.31666666666667,51000.0,25571.43,0.0,18859.14,,,,1.0
389,-116.59999996666667,33.35833333333333,441000.0,221000.0,0.0,26305.0,,,,1.0
390,-116.55833330000002,32.56666666666667,10777843.700000005,6479884.709999999,0.0,907543.2450000001,4.0,,1.0,44.0
391,-116.55833330000002,32.60833333333333,2304266.7,2138633.3,0.0,405225.47,3.0,1.0,1.0,4.0
392,-116.55833330000002,32.65000000000001,2429257.8999999994,1215378.9,0.0,186543.97000000006,,,,13.0
393,-116.55833330000002,32.69166666666667,421000.0,282000.0,0.0,303974.5,,,1.0,2.0
394,-116.55833330000002,32.77500000000001,439000.0,439000.0,0.0,401740.0,,1.0,,
395,-116.55833330000002,32.81666666666667,196264286.6999995,105340960.61,0.0,16837038.776366554,16.0,4.0,6.0,852.0
396,-116.55833330000002,32.85833333333333,2561747.4000000004,2653073.6799999997,0.0,1804682.9600000002,3.0,4.0,,4.0
397,-116.55833330000002,32.90000000000001,3107000.0,1830000.0,0.0,449647.0,,,1.0,3.0
398,-116.55833330000002,32.94166666666667,1822000.0,1822000.0,0.0,98262.99,1.0,1.0,1.0,
399,-116.55833330000002,33.02500000000001,4446833.2,2698583.34,0.0,466884.44000000006,1.0,,,12.0
400,-116.55833330000002,33.06666666666667,2880000.1000000006,1441000.0100000002,0.0,832039.0099999999,,,,23.0
401,-116.55833330000002,33.10833333333333,553000.0,638666.67,0.0,176472.22,1.0,,1.0,1.0
402,-116.55833330000002,33.15000000000001,1486000.0,744083.35,0.0,183259.99,,,,10.0
403,-116.55833330000002,33.19166666666667,14550745.300000003,8205527.989999994,0.0,2106923.9480000013,,1.0,1.0,112.0
404,-116.55833330000002,33.23333333333333,1000000.0,791000.0,0.0,110405.709,3.0,,,4.0
405,-116.55833330000002,33.27500000000001,261000.0,131571.43,0.0,18859.14,,,,3.0
406,-116.51666663333334,32.56666666666667,9522693.500000006,5778306.509999996,0.0,1710579.1750000007,3.0,1.0,,40.0
407,-116.51666663333334,32.60833333333333,29872875.200000007,22693981.97,0.0,2296107.464964998,9.0,,4.0,74.0
408,-116.51666663333334,32.65000000000001,119014499.10000046,62559386.90999999,0.0,11896687.27799999,18.0,2.0,,542.0
409,-116.51666663333334,32.69166666666667,8440480.799999993,5391984.6899999995,0.0,559958.9654700204,3.0,,4.0,33.0
410,-116.51666663333334,32.73333333333333,8401108.0,8237108.0,0.0,340250.074177,2.0,,1.0,3.0
411,-116.51666663333334,32.77500000000001,2327916.5999999996,1164499.7000000002,0.0,185604.38999999996,,,,11.0
412,-116.51666663333334,32.81666666666667,8924385.100000005,7596566.099999997,0.0,4640947.390000001,3.0,,1.0,24.0
413,-116.51666663333334,32.90000000000001,255000.0,176000.0,0.0,66260.0,1.0,,,1.0
414,-116.51666663333334,32.94166666666667,136000.0,136000.0,0.0,13650.0,1.0,,,
415,-116.51666663333334,32.98333333333333,263057.2,131542.86,0.0,48059.48,,,,2.0
416,-116.51666663333334,33.06666666666667,2973114.8000000007,2004085.7400000002,0.0,196788.44,2.0,,,20.0
417,-116.51666663333334,33.15000000000001,159000.0,80000.0,0.0,0.0,,,,1.0
418,-116.51666663333334,33.19166666666667,8976089.100000005,4868389.019999999,0.0,1174914.609999999,3.0,,,70.0
419,-116.51666663333334,33.23333333333333,970000.0,1381000.0,0.0,40639.64,,2.0,,
420,-116.47499996666667,32.56666666666667,25153190.099999994,17203584.100000013,0.0,2103878.575461999,1.0,1.0,4.0,68.0
421,-116.47499996666667,32.60833333333333,89320861.70000023,58844138.39999972,0.0,5028453.832168689,14.0,1.0,4.0,338.0
422,-116.47499996666667,32.65000000000001,8564015.700000003,7059257.309999999,0.0,1420216.2550000004,4.0,1.0,1.0,29.0
423,-116.47499996666667,32.69166666666667,5170333.900000001,2705546.9000000004,0.0,601133.9600000002,,,1.0,24.0
424,-116.47499996666667,32.81666666666667,1786923.1999999997,893461.3400000001,0.0,153953.80000000002,,,,10.0
425,-116.47499996666667,32.85833333333333,5260566.099999999,2631783.44,0.0,1541718.6100000003,,,,33.0
426,-116.47499996666667,32.90000000000001,318923.0,159461.54,0.0,47738.76,,,,2.0
427,-116.47499996666667,32.94166666666667,2323142.5999999996,1604214.26,0.0,88751.81,2.0,,,14.0
428,-116.47499996666667,32.98333333333333,4129800.8000000017,2065600.0399999986,0.0,672832.7199999999,,,,32.0
429,-116.47499996666667,33.02500000000001,233689.95,117011.63,0.0,94333.74,,,,3.0
430,-116.47499996666667,33.06666666666667,17272462.70000001,12502086.480000002,0.0,2909652.1599999988,5.0,4.0,2.0,108.0
431,-116.47499996666667,33.10833333333333,233545.5,116961.03999999998,0.0,0.0,,,,3.0
432,-116.43333330000002,32.56666666666667,3415220.0,1707630.2000000004,0.0,104121.40800000001,,,,15.0
433,-116.43333330000002,32.60833333333333,31796538.399999984,16280371.600000018,0.0,2238041.0789999943,4.0,1.0,,155.0
434,-116.43333330000002,32.65000000000001,10802500.199999997,5897499.609999999,0.0,998246.5680000006,2.0,,1.0,47.0
435,-116.43333330000002,32.69166666666667,2913333.4000000004,1651666.6,0.0,242252.10600000003,2.0,,,15.0
436,-116.43333330000002,32.73333333333333,880000.0,514000.0,0.0,53968.5,1.0,,,4.0
437,-116.43333330000002,32.77500000000001,431600.0,419800.0,0.0,17989.5,,1.0,,1.0
438,-116.43333330000002,32.81666666666667,4598900.0,3720950.0,0.0,522670.8499999999,3.0,1.0,1.0,10.0
439,-116.43333330000002,32.85833333333333,25856086.70000001,14304543.640000017,0.0,3106020.9349999963,3.0,2.0,1.0,148.0
440,-116.43333330000002,32.90000000000001,233571.4,116857.14,0.0,36141.81,,,,3.0
441,-116.43333330000002,32.94166666666667,679285.6,340261.89999999997,0.0,120284.13,,,,7.0
442,-116.43333330000002,32.98333333333333,2235986.2000000007,1118114.3099999994,0.0,408505.5799999999,,,,17.0
443,-116.43333330000002,33.02500000000001,3323890.1000000006,1663059.1799999983,0.0,654490.7399999999,,,,32.0
444,-116.43333330000002,33.06666666666667,598545.5,299889.61999999994,0.0,186147.05000000002,,,,7.0
445,-116.43333330000002,33.10833333333333,1615909.5,808649.3400000001,0.0,0.0,,,,14.0
446,-116.43333330000002,33.19166666666667,3516635.5,1759317.5,0.0,570438.3999999999,,,,17.0
447,-116.43333330000002,33.23333333333333,45634101.60000009,26905502.51000003,0.0,5088225.3573354995,2.0,2.0,3.0,223.0
448,-116.43333330000002,33.27500000000001,24098845.99999999,12052984.780000009,0.0,2873099.9829999986,,,,162.0
449,-116.43333330000002,33.31666666666667,2493000.0,1431250.0,0.0,321286.121,,,1.0,19.0
450,-116.39166663333334,32.56666666666667,1872000.0,937000.0,0.0,93559.98000000001,,,,9.0
451,-116.39166663333334,32.60833333333333,8831880.700000005,4419270.799999998,0.0,631026.1489999999,,,,45.0
452,-116.39166663333334,32.65000000000001,9287715.300000004,4862067.799999997,0.0,850924.9199999998,2.0,,1.0,42.0
453,-116.39166663333334,32.69166666666667,29573501.2,27288389.850000005,0.0,4834593.143,25.0,,1.0,31.0
454,-116.39166663333334,32.73333333333333,5860333.500000001,3911166.499999999,0.0,421138.25,3.0,,,25.0
455,-116.39166663333334,32.77500000000001,51000.0,26000.0,0.0,0.0,,,,1.0
456,-116.39166663333334,32.90000000000001,693200.0,776600.0,0.0,90071.67,,1.0,,2.0
457,-116.39166663333334,32.94166666666667,993200.0,497266.67999999993,0.0,367243.67000000004,,,,10.0
458,-116.39166663333334,33.10833333333333,1021000.0,1021000.0,0.0,69650.5,3.0,,,
459,-116.39166663333334,33.19166666666667,87945932.70000038,44459713.91000016,0.0,6940835.191999977,2.0,,2.0,407.0
460,-116.39166663333334,33.23333333333333,187661114.44999883,120874276.06999977,0.0,34110886.119930424,43.0,6.0,18.0,1029.0
461,-116.39166663333334,33.27500000000001,42369045.600000046,23984521.039999984,0.0,5938671.707000007,11.0,1.0,,254.0
462,-116.39166663333334,33.31666666666667,1970099.9,1204199.98,0.0,359781.0,1.0,,,11.0
463,-116.34999996666667,32.56666666666667,2504024.0999999996,1252642.6,0.0,125481.32,,,,11.0
464,-116.34999996666667,32.60833333333333,27120790.899999954,13945545.95999999,0.0,1964137.389999998,1.0,1.0,,142.0
465,-116.34999996666667,32.65000000000001,53503375.500000015,28265007.410000063,0.0,5620589.309000001,5.0,4.0,,264.0
466,-116.34999996666667,32.69166666666667,9012053.2,6309790.4,0.0,729983.56,2.0,3.0,2.0,31.0
467,-116.34999996666667,32.73333333333333,5654666.800000001,3565833.3,0.0,503465.7200000001,,,1.0,21.0
468,-116.34999996666667,32.94166666666667,131600.0,65800.0,0.0,30023.89,,,,1.0
469,-116.34999996666667,33.10833333333333,779000.0,779000.0,0.0,59391.0,2.0,,,
470,-116.34999996666667,33.15000000000001,37461616.29999994,19852674.870000042,0.0,3721210.9600000004,3.0,2.0,,163.0
471,-116.34999996666667,33.19166666666667,47476732.20000006,27252923.640000045,0.0,5883892.950000008,4.0,5.0,2.0,225.0
472,-116.34999996666667,33.23333333333333,12197511.3,11030586.41,0.0,1375817.4192479998,3.0,,4.0,19.0
473,-116.34999996666667,33.27500000000001,1692000.0,1641000.0,0.0,282134.0,2.0,1.0,,5.0
474,-116.30833330000002,32.60833333333333,9562953.300000003,4960610.699999999,0.0,819409.3000000002,,1.0,,49.0
475,-116.30833330000002,32.65000000000001,61932071.80000013,36904708.55000005,0.0,5241288.353245997,13.0,1.0,3.0,256.0
476,-116.30833330000002,32.69166666666667,6159000.700000002,3599142.1500000013,0.0,511477.96,,2.0,1.0,31.0
477,-116.30833330000002,32.73333333333333,215000.0,215000.0,0.0,92565.0,1.0,,1.0,
478,-116.30833330000002,32.85833333333333,132000.0,66000.0,0.0,0.0,,,,1.0
479,-116.30833330000002,32.94166666666667,893000.0,448000.0,0.0,0.0,,,,8.0
480,-116.30833330000002,32.98333333333333,207000.0,104000.0,0.0,547910.0,,,,1.0
481,-116.30833330000002,33.10833333333333,268000.0,268000.0,0.0,34554.5,1.0,1.0,,
482,-116.30833330000002,33.15000000000001,1059154.7,657077.3,0.0,127614.51000000001,1.0,,,6.0
483,-116.30833330000002,33.19166666666667,2970500.0,1487750.0099999998,0.0,598011.28,,,,22.0
484,-116.30833330000002,33.27500000000001,3732000.0,3178000.0,0.0,627045.0,4.0,1.0,,3.0
485,-116.26666663333334,32.60833333333333,9631058.3,5004528.6,0.0,816280.7300000001,1.0,,,43.0
486,-116.26666663333334,32.65000000000001,8709800.900000006,4549613.499999999,0.0,845360.0099999998,1.0,1.0,,42.0
487,-116.26666663333334,32.69166666666667,5504333.4,3055714.2,0.0,169318.30000000005,2.0,,,9.0
488,-116.26666663333334,32.85833333333333,708500.0,356000.0,0.0,19728.75,,,,6.0
489,-116.26666663333334,32.90000000000001,8284500.699999997,4318000.079999998,0.0,2013142.1279999996,1.0,,,80.0
490,-116.26666663333334,33.10833333333333,518000.0,518000.0,0.0,69109.0,1.0,1.0,,
491,-116.26666663333334,33.15000000000001,7832000.0,6345000.0,0.0,1513633.5500000003,8.0,2.0,5.0,4.0
492,-116.26666663333334,33.27500000000001,178000.0,178000.0,0.0,83870.0,1.0,,,
493,-116.22499996666667,32.60833333333333,66476947.40000012,36870584.56999991,0.0,5384834.5211378075,9.0,1.0,10.0,288.0
494,-116.22499996666667,32.65000000000001,4690697.4,3054459.6399999997,0.0,265206.54899999994,3.0,2.0,1.0,30.0
495,-116.22499996666667,33.15000000000001,5014525.1,3938275.0,0.0,1240163.52,5.0,2.0,2.0,13.0
496,-116.18333330000002,32.60833333333333,11138522.500000004,6332391.940000001,0.0,2529109.103999999,6.0,,1.0,42.0
497,-116.18333330000002,32.65000000000001,2068545.5999999999,1035772.7699999999,0.0,4032.639,,,,20.0
498,-116.18333330000002,33.10833333333333,16660183.399999995,10021665.199999994,0.0,1219933.6879999996,1.0,,1.0,146.0
499,-116.18333330000002,33.15000000000001,14853759.500000002,9268537.620000005,0.0,1261148.8370000003,,1.0,3.0,107.0
500,-116.14166663333334,32.60833333333333,228000.0,114000.0,0.0,0.0,,,,1.0
501,-116.14166663333334,32.65000000000001,561000.0,280500.0,0.0,44359.029,,,,11.0
502,-116.14166663333334,33.06666666666667,11942364.4,5984181.859999999,0.0,844876.1160000002,,,,117.0
503,-116.14166663333334,33.10833333333333,24305625.799999993,13011267.550000003,0.0,1873068.0110000025,6.0,,,208.0
504,-116.14166663333334,33.27500000000001,319000.0,159500.0,0.0,74341.6,,,,2.0
505,-116.09999996666667,33.06666666666667,233545.5,116772.73,0.0,80711.37,,,,3.0
506,-116.09999996666667,33.10833333333333,416000.0,208300.0,0.0,142206.55000000002,,,,5.0
